{
    "Ar36": {
        "error": 0.00021012433764193712, 
        "filter_outliers_dict": {
            "filter_outliers": true, 
            "iterations": 1, 
            "std_devs": 2
        }, 
        "fit": "Linear", 
        "value": 0.005079866872502957
    }, 
    "Ar37": {
        "error": 0.010377587005861088, 
        "filter_outliers_dict": {
            "filter_outliers": true, 
            "iterations": 1, 
            "std_devs": 2
        }, 
        "fit": "linear", 
        "value": 0.06425755359958477
    }, 
    "Ar38": {
        "error": 0.005074036075560536, 
        "filter_outliers_dict": {
            "filter_outliers": true, 
            "iterations": 1, 
            "std_devs": 2
        }, 
        "fit": "linear", 
        "value": 0.03413455504517725
    }, 
    "Ar39": {
        "error": 0.010636522521253473, 
        "filter_outliers_dict": {
            "filter_outliers": true, 
            "iterations": 1, 
            "std_devs": 2
        }, 
        "fit": "Linear", 
        "value": 3.417581022573471
    }, 
    "Ar40": {
        "error": 0.010162105467094031, 
        "filter_outliers_dict": {
            "filter_outliers": true, 
            "iterations": 1, 
            "std_devs": 2
        }, 
        "fit": "Linear", 
        "value": 29.41041321111346
    }, 
    "Ar41": {
        "error": 0.003255243710616776, 
        "filter_outliers_dict": {
            "filter_outliers": true, 
            "iterations": 1, 
            "std_devs": 2
        }, 
        "fit": "Average", 
        "value": -0.08407599548892784
    }
}