{
    "Ar36": {
        "error": 0.00023266935458902418, 
        "filter_outliers_dict": {
            "filter_outliers": true, 
            "iterations": 1, 
            "std_devs": 2
        }, 
        "fit": "Linear", 
        "value": 0.0061169625132228836
    }, 
    "Ar37": {
        "error": 0.010613953495710064, 
        "filter_outliers_dict": {
            "filter_outliers": true, 
            "iterations": 1, 
            "std_devs": 2
        }, 
        "fit": "linear", 
        "value": 0.0915944360750014
    }, 
    "Ar38": {
        "error": 0.004580032780974921, 
        "filter_outliers_dict": {
            "filter_outliers": true, 
            "iterations": 1, 
            "std_devs": 2
        }, 
        "fit": "linear", 
        "value": 0.12928204620905334
    }, 
    "Ar39": {
        "error": 0.010020090213562193, 
        "filter_outliers_dict": {
            "filter_outliers": true, 
            "iterations": 1, 
            "std_devs": 2
        }, 
        "fit": "Linear", 
        "value": 3.7218944669389433
    }, 
    "Ar40": {
        "error": 0.012803447064513501, 
        "filter_outliers_dict": {
            "filter_outliers": true, 
            "iterations": 1, 
            "std_devs": 2
        }, 
        "fit": "Linear", 
        "value": 31.846647834358045
    }, 
    "Ar41": {
        "error": 0.0028936052973533386, 
        "filter_outliers_dict": {
            "filter_outliers": true, 
            "iterations": 1, 
            "std_devs": 2
        }, 
        "fit": "Average", 
        "value": -0.0817649792937814
    }
}